{
  "dependencies": {
    "mssql1": {
      "serviceConnectorResourceId": "/subscriptions/[parameters('subscriptionId')]/resourcegroups/[parameters('resourceGroupName')]/providers/Microsoft.Web/sites/WebAPI20241105162637/providers/Microsoft.ServiceLinker/linkers/ConnectionStringsAzureKnowledgeTestingSy_9F057D46A5",
      "secretStore": "AzureAppSettings",
      "resourceId": "/subscriptions/[parameters('subscriptionId')]/resourceGroups/[parameters('resourceGroupName')]/providers/Microsoft.Sql/servers/knowledgetestingsystemsvr/databases/KnowledgeTestingSystemDB",
      "type": "mssql.azure",
      "connectionId": "ConnectionStrings:AzureKnowledgeTestingSystem",
      "dynamicId": null
    }
  }
}